{
  "name": "Baseline",
  "accuracy": 0.7248358066945938,
  "precision": 0.74028129395218,
  "recall": 0.694260878741113,
  "f1": 0.7165329140375597,
  "auc": 0.7988946990034799
}