{
  "name": "Baseline (with context)",
  "accuracy": 0.6855417387971932,
  "precision": 0.697065765400891,
  "recall": 0.6583567462044768,
  "f1": 0.677158517392956,
  "auc": 0.7528985623728579
}