{
  "name": "BERT",
  "accuracy": 0.7828485721459437,
  "precision": 0.7842205574820658,
  "recall": 0.7815414242939865,
  "f1": 0.7828786987916785,
  "auc": 0.8659392726798014
}