{
  "name": "BERT (with context)",
  "accuracy": 0.7931825089529951,
  "precision": 0.7890014283859239,
  "recall": 0.8014588527033623,
  "f1": 0.795181353592064,
  "auc": 0.8772296016336072
}