{
  "name": "RoBERTa (with context)",
  "accuracy": 0.8004241935697012,
  "precision": 0.7972444537136004,
  "recall": 0.8067613733792357,
  "f1": 0.8019746805567393,
  "auc": 0.8849123132986126
}