{
  "name": "RoBERTa",
  "accuracy": 0.7877644602434157,
  "precision": 0.7920666327976684,
  "recall": 0.7814622821943467,
  "f1": 0.7867287249935264,
  "auc": 0.8711966587593424
}